{
    "name": "Standard Service Endpoints: Error Rate Health",
    "enabled": true,
    "useDataFromLastNMinutes": 30,
    "waitTimeAfterViolation": 30,
    "scheduleName": "Always",
    "affects": {
        "affectedEntityType": "SERVICE_ENDPOINTS",
        "affectedServiceEndpoints": {
            "serviceEndpointScope": "ALL_SERVICE_ENDPOINTS"
        }
    },
    "evalCriterias": {
        "criticalCriteria": {
            "conditionAggregationType": "ALL",
            "conditionExpression": null,
            "conditions": [
                {
                    "name": "Error Percentage",
                    "shortName": "A",
                    "evaluateToTrueOnNoData": false,
                    "evalDetail": {
                        "evalDetailType": "METRIC_EXPRESSION",
                        "metricExpression": "{totalErrors}/{totalCalls}*100",
                        "metricExpressionVariables": [
                            {
                                "variableName": "totalErrors",
                                "metricAggregateFunction": "VALUE",
                                "metricPath": "Errors per Minute"
                            },
                            {
                                "variableName": "totalCalls",
                                "metricAggregateFunction": "VALUE",
                                "metricPath": "Calls per Minute"
                            }
                        ],
                        "metricEvalDetail": {
                            "metricEvalDetailType": "SPECIFIC_TYPE",
                            "compareCondition": "GREATER_THAN_SPECIFIC_VALUE",
                            "compareValue": 5
                        }
                    },
                    "triggerEnabled": false,
                    "minimumTriggers": 15
                },
                {
                    "name": "Minimum Calls per Minute",
                    "shortName": "B",
                    "evaluateToTrueOnNoData": false,
                    "evalDetail": {
                        "evalDetailType": "SINGLE_METRIC",
                        "metricAggregateFunction": "VALUE",
                        "metricPath": "Calls per Minute",
                        "metricEvalDetail": {
                            "metricEvalDetailType": "SPECIFIC_TYPE",
                            "compareCondition": "GREATER_THAN_SPECIFIC_VALUE",
                            "compareValue": 10
                        }
                    },
                    "triggerEnabled": false,
                    "minimumTriggers": 15
                },
                {
                    "name": "Minimum Errors",
                    "shortName": "C",
                    "evaluateToTrueOnNoData": false,
                    "evalDetail": {
                        "evalDetailType": "SINGLE_METRIC",
                        "metricAggregateFunction": "VALUE",
                        "metricPath": "Errors per Minute",
                        "metricEvalDetail": {
                            "metricEvalDetailType": "SPECIFIC_TYPE",
                            "compareCondition": "GREATER_THAN_SPECIFIC_VALUE",
                            "compareValue": 10
                        }
                    },
                    "triggerEnabled": false,
                    "minimumTriggers": 15
                }
            ],
            "evalMatchingCriteria": {
                "matchType": "ANY_NODE",
                "value": null
            }
        },
        "warningCriteria": {
            "conditionAggregationType": "ALL",
            "conditionExpression": null,
            "conditions": [
                {
                    "name": "Error Percentage",
                    "shortName": "A",
                    "evaluateToTrueOnNoData": false,
                    "evalDetail": {
                        "evalDetailType": "METRIC_EXPRESSION",
                        "metricExpression": "{totalErrors}/{totalCalls}*100",
                        "metricExpressionVariables": [
                            {
                                "variableName": "totalErrors",
                                "metricAggregateFunction": "VALUE",
                                "metricPath": "Errors per Minute"
                            },
                            {
                                "variableName": "totalCalls",
                                "metricAggregateFunction": "VALUE",
                                "metricPath": "Calls per Minute"
                            }
                        ],
                        "metricEvalDetail": {
                            "metricEvalDetailType": "SPECIFIC_TYPE",
                            "compareCondition": "GREATER_THAN_SPECIFIC_VALUE",
                            "compareValue": 1
                        }
                    },
                    "triggerEnabled": false,
                    "minimumTriggers": 15
                },
                {
                    "name": "Minimum Calls per Minute",
                    "shortName": "B",
                    "evaluateToTrueOnNoData": false,
                    "evalDetail": {
                        "evalDetailType": "SINGLE_METRIC",
                        "metricAggregateFunction": "VALUE",
                        "metricPath": "Calls per Minute",
                        "metricEvalDetail": {
                            "metricEvalDetailType": "SPECIFIC_TYPE",
                            "compareCondition": "GREATER_THAN_SPECIFIC_VALUE",
                            "compareValue": 10
                        }
                    },
                    "triggerEnabled": false,
                    "minimumTriggers": 15
                },
                {
                    "name": "Minimum Errors",
                    "shortName": "C",
                    "evaluateToTrueOnNoData": false,
                    "evalDetail": {
                        "evalDetailType": "SINGLE_METRIC",
                        "metricAggregateFunction": "VALUE",
                        "metricPath": "Errors per Minute",
                        "metricEvalDetail": {
                            "metricEvalDetailType": "SPECIFIC_TYPE",
                            "compareCondition": "GREATER_THAN_SPECIFIC_VALUE",
                            "compareValue": 10
                        }
                    },
                    "triggerEnabled": false,
                    "minimumTriggers": 15
                }
            ],
            "evalMatchingCriteria": {
                "matchType": "ANY_NODE",
                "value": null
            }
        }
    }
}